

INSERT INTO `flavor` (`flavor_ID`, `sour`, `balance`) VALUES
('8', '0', '8'),
('21', '2', '1'),
('28', '2', '8'),
('29', '2', '9'),
('37', '3', '7'),
('38', '3', '8'),
('48', '4', '8'),
('51', '5', '1'),
('56', '5', '6'),
('59', '5', '9'),
('64', '6', '4'),
('65', '6', '5'),
('67', '6', '7'),
('69', '6', '9'),
('72', '7', '2'),
('75', '7', '5'),
('76', '7', '6'),
('77', '7', '7'),
('78', '7', '8'),
('84', '8', '4'),
('85', '8', '5'),
('86', '8', '6'),
('88', '8', '8'),
('89', '8', '9'),
('95', '9', '5');


INSERT INTO `place` (`farm_ID`, `country`, `state`, `intro`) VALUES
('90292', '越南', '亞洲', '越南也是全球前幾大咖啡生產國之一。 目前越南絕大多數的咖啡樹都是羅布斯塔(Robusta)種，因為十九世紀中葉時出現的葉鏽病使得越南的阿拉比卡(Arabica)咖啡樹被摧毀殆盡，改種的都是耐葉鏽病害的羅布斯塔種的咖啡樹。 羅布斯塔種的咖啡豆具有獨特的香味和苦味，它的咖啡因含量較阿拉比卡為高。也因為萃取比例較高的關你，它常被用來製作即溶咖啡，罐裝咖啡，或是摻合在三合一咖啡中等等。 近年來印度也有開始種植阿拉比卡的咖啡樹，更致力於咖啡生產的事業，不過目前在精品咖啡的市場上還沒有任何發展。我們談話中常聽到的越南咖啡 有時指的是冰滴壼的煮法，和此處所提的咖啡豆種類是不同的事，可別混為一談喔。'),
('90821', '印度', '亞洲', '印度是以飲茶為主的的國家，但其咖啡生產量卻高居世界前幾名，且兼具羅布斯塔(Robusta)及阿拉比卡(Arabica)兩種，也是幾個同時存在水洗法及日曬法處理的國家之一。 印度咖啡栽種的區域主要在印度南部的西高止山到阿拉伯海間的區域，較知名的有以麥索及馬拉巴等為名稱銷售的咖啡。季風馬拉巴是印度頗有特色的一種咖啡，這種咖啡當年因為由馬拉巴海岸運出口到歐洲的咖啡豆，因船行時生豆長時間受到海風吹襲後使得外觀和口感均有所改變，而變成歐洲人習慣且喜歡的口味。這後來成為一種特別的咖啡豆處理手法，咖啡豆採收後，特別將其放置在潮濕的季風中幾個月的時間，使其變為黃白的顏色且酸度降低，即是我們買到的季風馬拉巴(Monsooned Malabar).'),
('91328', '印尼', '亞洲', '印尼生產咖啡豆的區域主要在爪哇、蘇門答臘、蘇拉維西等三個島，皆屬火山地形。一般認為印尼的咖啡豆香味濃厚而酸度低，略帶一點似中藥及泥土的味道。蘇門達臘(Sumatra)山區出產的曼特寧(Mandheling)世界聞名，質感豐富。爪哇島出產的羅布斯塔(Robusta)豆有獨特的氣味，因油脂豐富而常被用來作為義式濃縮咖啡的配方之一。蘇拉維西出產的咖啡則被評為有特別的草本氣息，深沈而乾淨。特別的是，印尼山間有一種特別的動物叫作麝香貓(在台灣也有出現過，目前它被列為陽明山的代表性動物之一)。因為它使得印尼出產一種幾乎是世界上最高價的咖啡-麝香貓咖啡。這種貓喜歡吃咖啡漿果，而堅硬的咖啡豆因為無法消化最後會被排出來。在經過消化道的期間，咖啡豆經過發酵作用產生了一種獨特而複雜的香味，使得不少饕客喜歡這種具有特殊香氣的咖啡。但是因為產量極少，故售價極昂，每磅在數百美元之譜。'),
('92281', '衣索比亞', '非洲', '依索比亞隔著紅海與葉門相對望，是世界上最早發現阿拉比卡種咖啡樹的地方，其境內幾乎各處都在種植咖啡。 其中東部高地哈拉(Harra)產有著名的哈拉摩卡，具有特別的葡萄酒香與酸，和葉門摩卡相當，屬高品質的咖啡。 南部的西達莫(Sidamo)和吉馬(Djimmah)亦是知名的咖啡產地，所生產的咖啡和哈拉所生產的口感稍有不同，酸味方面較為清爽，帶有核果的香味。 在西達莫中有一個小區域名叫耶加雪啡(Yirgacheffe)，其所產的咖啡有著非常迷人的特色，帶有茉莉花及檸檬的香味，以及似蜂蜜般甜甜的特殊味道，因此全球知名。 為什麼摩卡港是在葉門這個國家，但依索比亞產的咖啡也叫做摩卡呢? 那是因為先前衣索比亞的咖啡也是由葉門的摩卡港出口，因此也是以摩卡來命名咖啡，而再以不同的產地名稱來細分，例如摩卡哈拉，摩卡吉馬等。 所以同是摩卡咖啡，有可能它是來自於葉門，也有可能是來自於依索比亞喔。'),
('92282', '肯亞', '非洲', ' 肯亞位於東非，恰好位於赤道上，東邊就是印度洋，北邊是依索比亞，南邊則接著坦尚尼亞。 肯亞咖啡的特色是帶有明顯的水果香和果酸，濃郁的口感中還有一點點酒香。 肯亞咖啡多栽種於西南部及東部的高原區， 品種都是阿拉比卡種，且都是水洗咖啡，常見的有波旁（Bourbon）、提比加（Typica）、肯特（Kents）、盧里11（Riuri 11）等四個品種。 肯亞咖啡在淺焙時明亮的果香及果酸有人評為像水果茶，可見其獨特的風味。其中知名的肯亞AA顆粒飽滿，口感豐富濃郁，頗受世人的好評。'),
('92976', '剛果', '非洲', '剛果民主共和國，位於非洲中部，為非洲第2大國。北部屬熱帶雨林氣候，南部屬熱帶草原氣候。剛果的咖啡主要的種植圍繞在基輔湖(Kivu)旁；基輔湖畔是非常良好的咖啡種植區域，沿岸有著非常多原始的森林，年均溫約攝氏19度，享有溫濕的氣候、肥沃的土地，其地理環境更相似於鄰近傑出阿拉比卡種的產國，如肯亞、盧安達和坦尚尼亞。剛果栽種的咖啡深具獨特風味，近年來受到歐美烘焙家的喜好，產能節節上升，2016年時已經上升到900多萬公噸(就連星巴克都積極的進入投資)'),
('94291', '多明尼加', '南美', '明尼加位於中美洲的伊斯帕尼奧拉(Hispaniola)島，就在前述(波多黎各部份)的馬丁尼克島上方。多明尼加佔有伊斯帕尼奧拉島右半三分之二的面積，另外左邊三分之一則為海地的領土。 其擁有豐富的天然資源，盛產咖啡、可可、柑橘、香蕉與花卉。近年來咖啡在多國國內農業生產總值中排名第二， 僅次於稻米，係多國重要之經濟作物。2005-2006年其咖啡出口量高達1億6,000萬磅，較之前大幅成長196.2% 多國的咖啡。多明尼加咖啡和波多黎各及牙買加咖啡一樣都是加勒比海咖啡，有著類似的調性，但名氣沒有其餘二者來得好， 主要是因為咖啡處理的方式而不是咖啡漿果品質的問題。多明尼加的咖啡有分高地種植及低地種植，口味上也略不相同。 高地種植的較偏酸，但滋味較豐富；低地的則較不酸，口感較平順一些。近年來精品咖啡盛行，一些多明尼加的莊園所生產的 高品質咖啡豆香氣濃郁，口感醇厚，帶有適度明亮的酸味，已和較負盛名的波多黎各豆或牙買加豆相去不遠，也是值得品嚐的咖啡。'),
('94372', '哥斯大黎加', '南美', ' 哥斯大黎加如同其它中美洲國家一樣，普遍種植的是阿拉比卡種的咖啡。其咖啡主要栽種在兩個高地區，一是首都聖荷西(San Jose)附近的高地區，另一個則是聖荷西東南方的塔拉蘇(Tarrazu)山區。因為也是種植在高海拔的關係，哥斯大黎加的咖啡也具有較強的酸味，且因山區溫度較低咖啡樹生長較慢，帶有較複雜而不單調的滋味。塔拉蘇這個地區生產的咖啡則因為帶有水果味及一些巧克力味或核果味的特殊風味，也是咖啡品嚐者非常喜愛的咖啡之一。'),
('94387', '瓜地馬拉', '南美', '瓜地馬拉的緯度在15度左右，左鄰太平洋，右為加勒比海。靠太平洋這一邊的Sierra山脈是瓜地馬拉咖啡的主要種植區。因為山脈綿延甚長，地區性氣候變化很大，因此造就了瓜國的七大咖啡產區，各有不同的風味及特色。其中以安堤瓜這個產區的咖啡因為微酸，香濃甘醇，略帶火山的碳燒味的特色使得瓜地馬拉的咖啡聞名於世界。 瓜國的咖啡屬阿拉比卡種，以水洗法處理， 在較遠的西北方有一片薇薇特楠果(Huehuetenango)高地，因為海拔高於5000英呎，所產咖啡具有高海拔咖啡質地堅硬， 酸性較強且具豐富滋味的特色，亦是瓜地馬拉極有特色的咖啡之一。'),
('94388', '巴西', '南美', '巴西為世界最大咖啡產國，總產量世界第一，約佔全球總產量的 1/3，主要產地集中於中部及南部的省份。 巴西適合栽咖啡的區域，地勢較平坦，咖啡園多數離海拔1200公尺以下，亦無大樹遮蔭，因採收時生熟漿果同時採下，不算是精品咖啡。 巴西的咖啡品質平均但較少極優的等級，其豆質較軟，烘焙過程中明顯不耐火候， 各品種中以Santos較著名，是以其出口港山多士為名。巴西咖啡豆性屬中性，可單品來品嚐(雖較單調一點)， 或和其他種類的咖啡豆相混成綜合咖啡，一般被認為是混合調配時不可缺少的咖啡豆。'),
('94437', '哥倫比亞', '南美', '哥倫比亞為世界第二大咖啡輸出國，佔全球產量的約 15%，其咖啡樹多種植於縱貫南北的三座山脈中，僅有阿拉比卡種。 它的產量排名雖低於巴西，不過咖啡豆品質優良，香味豐富而獨特，酸中帶甘，適中的苦味，無論是單飲或混合都非常適宜。 哥倫比亞豆與巴西豆同屬調和式咖啡基本豆之最佳選擇，但其風味則較巴西豆更為甘醇些，香氣也更濃厚，除單品品嚐外， 也常用於調合咖啡中，用來增加咖啡的甘味，調合其它咖啡的苦味。'),
('94847', '尼加拉瓜', '南美', ' 尼加拉瓜的咖啡主產於其中部和北部，遮蔭栽種為其特色，咖啡豆則以水洗處理，日曬烘乾。一般而言，尼加拉瓜的咖啡較沒有極度鮮明的特色，因此一般的尼加拉瓜豆常被用來作綜合咖啡或即溶咖啡。不過高品質的尼加拉瓜豆例如瑪拉果吉佩(Maragogipe, 一種咖啡豆十分巨大稱為象豆的樹種)則評價很高，因為它口味較為均衡，沒有其它中美洲咖啡常帶有的鮮明果酸，但有著清澈的口感以及絕佳的香醇度。 這種圓潤而柔和的質感，也使得它在瓜地馬拉咖啡一般較中庸的評價中一支獨秀，受到許多人的喜愛。'),
('95287', '牙買加', '南美', '牙買加是位於加勒比海的一個小共和國，它的藍山咖啡以其溫和的口感及低酸度的高水準表現而聲名大噪，目前是世界上最貴而又最受歡迎的咖啡之一。 藍山位置居於南金士頓(Kingston)到北波特瑪莉亞(Port Maria)之間，高約7500英呎。氣候高冷多濕，雨量充足的情況下造就了藍山咖啡這種特殊溫和的口感。 藍山的咖啡豆顆粒大，品質高是世界公認的極品，有No.1, No.2, No.3, 圓豆(Peaberry), 及藍山區(Blue Mountain Triage)等五級，通 常都附上工廠標誌和保證書，然後裝入圓木桶內出口。因非常受到日本歡迎，日本對藍山咖啡產業做了相當的投資，目前約有九成都輸往日本，市面上很難買到真品藍山。 牙買加的咖啡早期是種植於聖安琪(Saint Andrew) 附近的山丘上，後來才漸漸擴張到 Blue Mountain 地區。聖安琪區目前仍是牙買加除藍山外的主要咖啡生產區之一， 海拔6000英呎以上，生產的咖啡和藍山類似，品質也相當高，但因不在藍山上，以牙買加高級水洗(Jamaica Prime washed)為名，其滋味濃郁香醇， 酸甘苦均衡圓潤，市場上售價相當高，也是眾所認為的極品之一。'),
('95737', '巴拿馬', '南美', '巴拿馬西鄰哥斯大黎加，東接南美洲的哥倫比亞，其咖啡多種植於靠西側鄰近哥斯大黎加的山區。巴拿馬的咖啡風味及質感中等而均勻， 頗有類似藍山的氣質，也因此有此一說巴拿馬的咖啡常被拿來仿為高價的夏威夷可娜或是牙買加藍山。 不過巴拿馬的咖啡在消費市場中一直屬於 中低價的層級，可能是沒有鮮明特色的關係。 但近年來巴拿馬也積極推動精品咖啡的事業，亦曾在競賽拍賣會上高價賣出其優質的咖啡豆，因而巴拿馬的咖啡已逐漸再度受到世人的重視。 好的巴拿馬的豆以乾淨澄澈，明亮溫順的口感，中等的醇度表現令人驚豔，是咖啡品嚐家認為是非常優秀的咖啡之一。'),
('95847', '厄瓜多爾', '南美', '在哥倫比亞與秘魯之間，赤道經過的厄瓜多爾是南美洲中既出產阿拉比卡伯咖啡也出產羅布斯塔咖啡的少數國家之一。 事實上厄瓜多爾就是西班牙語“赤道”的意思。 由於使用老式傳統採收及處理方式的關係，厄瓜多爾的咖啡並未被列在精品咖啡之列，也因此一般較少看到，也較陌生。 厄瓜多爾面對著太平洋，在其西海岸外約900多公里西經90度的赤道附近，有一加拉帕哥群島(Galapagos Island)也是其屬地， 又名科隆島，生產知名的Galapagos咖啡。為保護自然生態，厄瓜多爾政府把該群島闢為國家公園， 而且禁止使用化肥、殺蟲劑等化學製劑，因此加拉帕戈斯群島的咖啡被公認為是有機的咖啡。 加拉帕戈斯群島的咖啡風味較平衡偏中性，中度醇厚，帶一點明顯但愉悅的酸，有著特殊的香氣。不過因為較少在市面上見到， 談論此咖啡的人並不是很多。'),
('95867', '祕魯', '南美', '	秘魯為南美主要咖啡生產國之一，而咖啡又是秘魯的第一大出口農產品，近年來出口量大幅成長，2006年的出口量更達到其歷史新高。 由地圖上可看到秘魯境內有安第斯山脈平行著海岸貫穿其中。秘魯的咖啡九成以上種植在北部、首都利馬以東的山谷，以及安第斯山脈山坡的森林地區。 祕魯咖啡豆有圓潤的口感、醇度適中不稠不淡、柔和的酸是其一大特點，另略帶核果的味道。隨著出口量漸增，咖啡愛好著逐漸熟悉， 目前有越來越多的人喜愛上秘魯咖啡其香醇的口感以及柔細酸味。'),
('95873', '波多黎各', '南美', '一般認為，波多黎各的原始咖啡樹種是1723年由法國人帶到馬丁尼克島(Martinique Island, 加勒比海法屬西印度群島中)的， 很快地在1736年傳進波多黎各，由於多山的環境加上氣候土壤適合，後來很快就變成對歐洲的主要出口品。其中的尤科(Yauco)區 出產的咖啡因為風味特殊，在歐洲極負盛名，在1890年代時甚至被當作其它國家模仿的標準。波多黎各的咖啡樹為阿拉比卡種， 包含波旁(Bourbon)，波多黎各波旁變種(Puerto Rico Bourbon variety)，卡杜拉(Caturra) 以及Limani的品種。今日尤科仍是 波多黎各咖啡的代表，由於品質佳，產量少加上人工費用高昂，市場上的價格一向居高不下。尤科特選豆被評為 質感醇厚，風味平衡，溫和，有相當的複雜感而不單調，低酸度低苦味近似牙買加藍山，也是加勒比海裡的極品咖啡之一。'),
('96920', '新幾內亞', '大洋洲', '新幾內亞位於澳洲北方，也稱為巴布亞新幾內亞。這個位於太平洋中的世界第二大島種植的是阿拉比卡的咖啡樹，位於中北部的 Hagen山區，以水洗法來處理咖啡豆。新幾內的咖啡樹和牙買加藍山屬同種，種籽是於1927年由藍山被帶到新幾內亞成功種植。 新幾內亞的咖啡種植高度約在4500~6000英呎的高度，大多是以小塊田地的方式種植，由數以千計的咖啡農組成合作社的型式來經營咖啡的產銷，主要銷往澳洲及美國。 新幾內亞的咖啡嚐起來口感濃郁而均衡，帶有甘甜味及明亮的酸，有類似水果的香味。 其水果香類似葡萄柚另帶一點巧克力味，也有人認為帶有一點核果的味道。'),
('97827', '夏威夷', '大洋洲', ' 夏威夷是幾乎人盡皆知的太平洋熱帶島嶼，除風光明媚外，它也生產咖啡。著名的可那(Knoa)咖啡種植在夏威夷本島西南岸火山山坡，是美國唯一生產的咖啡。 由於島嶼地形加上火山土壤，夏威夷的咖啡具有非常特殊的口感，不會太強烈，不會過酸且有香醇的口感，帶有愉悅的葡萄酒香與酸。 Kona咖啡分四級，分別為最高級的Extra Fancy, Fancy, Prime 及 Gr. No.1 等。 但因產量少且生產成本高，在精品咖啡近年來需求日增的情況下，市場上Kona的價格直追牙買加藍山，上好的Kona豆也越來越難買到。');



INSERT INTO `customer` (`cus_ID`, `cus_name`, `cus_password`, `cus_phone`, `cus_address`, `cus_email`) VALUES
('50000', '一位客人', 'buywine', '0987987987', '金門縣金門酒廠', 'wine@gmail.com'),
('50001', '白癡', 'eatbai', '0987878787', '綠島', 'baieat@yahoo.com.tw'),
('50002', 'hello', '666world', '0999999999', '台北市文山區', 'hahaha@yahoo.com.tw'),
('50003', 'juan', 'juanjuan1022', '0912121212', '桃園市龜山區', 'juan861022@gmail.com'),
('50004', 'chenchen', 'redshirtman', '0900000000', '台北市文山區', 'blackpants1111@gmail.com'),
('50005', 'whyno5', 'debugtootired', '0905005005', '墾丁', 'nofivenofive55555@gmail.com'),
('50006', 'peggy', 'peggypig0201', '0987654321', '台南市麻豆區', 'peggy0928@gmail.com'),
('50007', '我就註冊', 'yaya', '0912836452', '師大本部圖書館', 'thenwatchsth123@gmail.com'),
('50008', 'pei', 'peienli', '0987864538', '台中市清水區', 'peipei@gmail.com'),
('50009', 'happy', 'happypei', '0927322635', '台中市大安區', 'happyhoho765@gmail.com');



INSERT INTO `company` (`com_ID`, `com_name`, `com_password`, `com_phone`, `com_address`, `com_email`) VALUES
('0', '阿嬤你金罵底多位', 'mommy', '0955655755', '台北市萬華區阿嬤家', 'rmomwa@hotmail.com'),
('1', '林正月兒', 'dropyouroldmom', '0944174174', '香港金鐘車站', 'byebye@hongkong.com'),
('2', '冷氣水滴答滴', 'youdidadidame', '0966123456', '資工系館小房間', 'hualahuala@gmail.com'),
('3', '期末考好多', 'testtoomany66', '0951515151', '台北市文山區汀州路四段88號 7-11', 'wanttodie74@yahoo.com'),
('4', '感覺有好多東西要做', 'QQ861108', '0940547036', '資工系館大房間', 'lisa@gmail.com'),
('5', '亂親阿翔', 'shitshin', '0977858585', '阿翔家外面的X3車上', 'carkiss90@yahoo.com.tw'),
('6', '發亮鍵盤', 'brightboard', '0915765567', '中部海景第一排高美濕地87號', 'herbie8888@hotmail.com'),
('7', '快想不到梗', 'havenojoke4848', '0984884848', '梗梗梗國際電鋸股份有限公司忠孝東路走九段', 'gungungun588@gmail.com'),
('8', '鬼混a佩恩', 'ghostpeien', '0916725362', '遙遠的墾丁金色的沙灘上', 'toocomfortable53@yahoo.com.tw'),
('9', '鯊魚不小心吞了一顆綠豆', 'ashark87', '0917283625', '太平洋', 'taipinocean168@yahoo.com.tw'),
('10', '綠豆沙', 'greenbeanshark97005', '097005273', '清心福全冷飲萬隆店', 'drinkgood45678@gmail.com');



INSERT INTO `product` (`product_ID`, `product_name`, `com_ID`, `variety`, `look`, `year`, `season`, `flavor_ID`, `baking`, `price`, `farm_ID`, `weight`) VALUES
('0', '意利咖啡深焙咖啡豆', '1', '阿拉比卡', '五大保證 \r\n*百分之百採用頂級阿拉比加咖啡豆 \r\n*咖啡生豆100%篩檢，品質穩定 \r\n*咖啡產品乾燥度達97%以上，萃取度最高 \r\n*全球唯一咖啡因含量標示於產品外包裝上，並保證產品咖啡因含量不超過1.5% \r\n*咖啡的包裝罐均以高壓灌入惰性氣體─氮氣，避免氧化，完整保存咖啡香氣', '1997', '秋天', '48', '2', '450', '92281', '250'),
('1', '意利咖啡中焙咖啡豆', '1', '阿拉比卡', '五大保證 \r\n*百分之百採用頂級阿拉比加咖啡豆 \r\n*咖啡生豆100%篩檢，品質穩定 \r\n*咖啡產品乾燥度達97%以上，萃取度最高 \r\n*全球唯一咖啡因含量標示於產品外包裝上，並保證產品咖啡因含量不超過1.5% \r\n*咖啡的包裝罐均以高壓灌入惰性氣體─氮氣，避免氧化，完整保存咖啡香氣', '1997', '秋天', '59', '1', '899', '92281', '500'),
('2', '意利咖啡中焙咖啡豆(小)', '1', '阿拉比卡', '五大保證 \r\n*百分之百採用頂級阿拉比加咖啡豆 \r\n*咖啡生豆100%篩檢，品質穩定 \r\n*咖啡產品乾燥度達97%以上，萃取度最高 \r\n*全球唯一咖啡因含量標示於產品外包裝上，並保證產品咖啡因含量不超過1.5% \r\n*咖啡的包裝罐均以高壓灌入惰性氣體─氮氣，避免氧化，完整保存咖啡香氣', '1997', '秋天', '78', '1', '500', '92281', '250'),
('3', '水洗波旁旅途咖啡', '2', '波旁', '乾香有楓糖、梅粉、烏梅和嫩草甜感。\r\n萃取時則飄出水果巧克力糖般的香氣，\r\n口感飽滿，黑醋栗及莓果的酸甜多汁感\r\n充滿口腔。\r\n\r\n整體明亮，變化豐富，餘韻則有焦糖甜香。\r\n酸甜均衡，令人想一喝再喝的豆子', '2001', '春天', '65', '2', '760', '92976', '450'),
('4', '香馥咖啡 精品波旁〔中焙〕咖啡豆', '4', '精品波旁', '風味敘述:\r\n咖啡香中有櫻花、核果、茶香，果香，楓糖與果糖的甜美，滑潤，順喉\r\n回甘佳，回溫後有葡萄酒酸味，冷卻後杯底散發出芬芳的焦糖香具厚\r\n實豐富的多層次感\r\n【手工挑豆】 \r\n只要是發霉、不好的咖啡豆都容易造成心悸，因發霉的咖啡豆所釋出「赭麴毒素」屬於神經毒，所以堅持以手工挑豆來確保咖啡豆的品質。因為在乎咖啡豆的製程與品質，而層層把關每個製程。從自購生豆、手工挑選，挑出壞豆挑出瑕疵豆後慢火細烘，以求最佳烘焙度與鮮度。成就一杯所謂的好咖\r\n【我們的保證】 \r\n- 採現烘現磨，接到訂單後才會進行烘豆和磨豆，保證最新鮮。\r\n- 採用阿拉比卡生豆，絕不混入廉價豆種。細心手工挑選咖啡豆，為咖啡客做第一線把關。\r\n ', '2002', '夏天', '48', '1', '455', '92976', '450'),
('5', '老饕曼特寧_單品咖啡豆-新鮮烘焙', '5', '曼特寧', '★廠商直配~新鮮加倍\r\n★在地30年老師傅專業烘焙\r\n★國際咖啡評鑑師推薦\r\n★淺培\r\n★隱隱透出巧克力般的微微發酵味，順口的果酸，宛如喝紅酒般的陶醉\r\n\r\n\r\n品牌故事『當老師傅遇上咖啡師』：\r\nRORISTA是由ROSTING跟BARISTA組合而成，ROSTING是烘焙之意，BARISTA是義大利文中咖啡師之意，而我們所出品的咖啡豆是由30年烘焙經驗的老師傅烘焙，再經由擁有英國City&Guilds所認證的國際咖啡師，反覆杯測後所調配出的風味，因此『當老師傅遇上咖啡師』所激盪出的火花，正是一杯充滿靈魂，值得您細心品嘗的好咖啡。\r\n\r\n經營理念『找到你的豆』\r\nCity&guilds國際咖啡師Mike表示：\r\n咖啡是一個很美妙的飲品，它會隨著烘焙程度、沖泡器具、水溫、氣溫、濕度等等不同的因素而改變，加上每一位喜愛咖啡的朋友都有獨一無二的味蕾，甚至飲用當下的心情，都會讓咖啡呈現不一樣的風味，因此，在我們精心調配下，推出了多種不同風味的咖啡豆，讓喜愛咖啡的朋友們，能有更多的選擇，也能『找到屬於你自己的豆』。', '2018', '夏天', '38', '1', '900', '91328', '750'),
('6', '尼加拉瓜PERALTA莊園單品咖啡豆', '10', 'PERALTA蜜香', 'INIC一個外觀擁有即溶咖啡的好攜帶性，卻隱藏著滴咖啡美好風味的革命性咖啡品牌。2012年誕生於日本名古屋，以全新的製程重現了現泡咖啡的香醇\r\n，並創造了與即溶咖啡截然不同的\"粉狀滴咖啡\"，堅持呈現最美好的味覺享受，保留咖啡豆帶來的最原始香氣，希望透過咖啡帶給人們超乎想像的美味及幸福感，不論在家中、工作場所、戶外野餐露營或世界各地的人都能隨時輕鬆享受，是所有咖啡迷必嚐的品牌！\r\n    別緻心裁的設計，搭配著高質感的商品及包裝，如此裡外兼具的咖啡品牌，又有誰能抵擋的了它的獨特魅力呢？\r\n\r\nAroma以阿拉比卡Supremo咖啡豆為基底\r\n咖啡生產量為世界第二的南美洲哥倫比亞地區共分為Supremo、Excelso、Extra三種等級的咖啡豆，而INIC的Aroma系列特別精選來自哥倫比亞\"Supremo\"特級的阿拉比卡咖啡豆！堅持以人工採收的方式及精緻水洗法的處理，捨棄便利的機械化篩選，以人工一次次精細剔除瑕疵豆，所以每一顆咖啡豆都如碧玉般翠綠並且大而飽滿！口感溫順層次豐富，聞起來有核果與果香氣，品嚐時帶有些微的莓果酸味，及微黑糖的甜味，順著喉間回留甘香的悠長餘韻，令人難以忘懷！\r\n\r\n為何堅持水洗處理法的豆種呢?\r\n日曬法由於成本低廉，因此在缺乏水資源或較不富裕的地區被廣泛使用，必須將咖啡豆放置在室外，因此常常有許多枯枝落葉等雜質摻於其中，且在日曬的過程中，由於果肉並未被去除，因此常常會出現發霉、腐壞等現象。而水洗法的所有處理程序皆在室內，因此能讓咖啡豆中的雜質降到最低。由於一開始就去除了果肉，因此完全不需要像日曬法一樣，擔心發霉的問題，品質最為穩定。經過如此繁雜的製程，才能成就一杯完美的咖啡！\r\n', '2009', '冬天', '65', '2', '449', '94847', '2000'),
('7', '【湛盧咖啡】莊園精選系列 巴西-聖塔露西', '5', '莊園精品', '口感清爽圓潤，整體均衡\r\n甜蜜的焦糖堅果風味\r\n可可餘韻悠長', '2015', '秋天', '59', '0', '899', '94388', '400'),
('8', '【湛盧咖啡】莊園精選系列 肯亞-卡納克', '5', '莊園精品', '口感明亮乾淨\r\n烏梅蜜餞和深色莓果風味', '2015', '春天', '76', '0', '520', '92282', '200'),
('9', '【湛盧咖啡】莊園精選系列 哥倫比亞-娜玲', '5', '莊園精品', '溫暖的烤堅果香\r\n黑巧克力般的尾韻持久回甘', '2015', '春天', '88', '1', '899', '94437', '400'),
('10', '【Krone 皇雀咖啡】印尼-曼特寧咖啡', '3', '曼特寧', 'Krone 皇雀咖啡使用當月新鮮烘焙的咖啡豆，是皇雀對客戶的保證！\r\n烘培師依各產區的特性風味進行烘培\r\n手工挑選，高標準品管，\r\n以嚴格的品質特定比例調配出圓潤和諧的風味\r\n絕不參雜劣質及庫存過久的豆子，新鮮就能喝到對的美味。 \r\n\r\n因為對品質的絕對重視，包裝也特別選用帶氣閥、較厚的鋁袋，以確保咖啡豆的新鮮，同時將香氣保存更久更好。\r\n期望讓您打開時咖啡豆時能夠跟維持最佳狀態，讓您喝到品質最好的咖啡 ?\r\n', '2019', '春天', '28', '1', '260', '91328', '227'),
('11', '【Krone 皇雀咖啡】巴西-山多士咖啡', '8', '山多士', 'Krone 皇雀咖啡使用當月新鮮烘焙的咖啡豆，是皇雀對客戶的保證！\r\n烘培師依各產區的特性風味進行烘培\r\n手工挑選，高標準品管，\r\n以嚴格的品質特定比例調配出圓潤和諧的風味\r\n絕不參雜劣質及庫存過久的豆子，新鮮就能喝到對的美味。  \r\n \r\n因為對品質的絕對重視，包裝也特別選用帶氣閥、較厚的鋁袋，以確保咖啡豆的新鮮，同時將香氣保存更久更好。\r\n期望讓您打開時咖啡豆時能夠跟維持最佳狀態，讓您喝到品質最好的咖啡 ?', '2019', '春天', '69', '1', '260', '94388', '227'),
('12', '【上田】耶加雪啡咖啡', '0', '耶加雪啡', '柔和的果酸及柑橘味\r\n由酸轉甜到回甘，口感層次分明\r\n最具獨特性風味的一款咖啡\r\n', '2019', '春天', '86', '1', '748', '92281', '900'),
('13', '【KS冠盛肯亞AA咖啡】肯亞AA咖啡', '9', '肯亞AA', '★肯亞AA咖啡\r\n★物超所值品味無限\r\n★100%自家烘焙\r\n★平價好咖啡新鮮十足\r\n\r\n\r\n\r\n※肯亞咖啡\r\n肯亞咖啡生長在海拔1500~2100米的地方，一年收穫二次。由小耕農種植，採收咖啡後，把新鮮咖啡豆送到合作清洗站，由清洗站將洗過晒乾的咖啡豆，以外覆內果皮的狀態送到合作社。所有咖啡收集在一起後，種植者根據其實際的品質，按平均價格要價。\r\n肯亞所有的咖啡豆先由肯亞咖啡委員會(Coffee Board of Kenya，簡稱CBK)收購，在此進行鑑定，評級，等級是以形狀大小評分，最好的咖啡等級是PB，接著依序為AA++、AA+、AA、AB。\r\n肯亞咖啡具有美妙絕倫的芳香，均衡可口的酸度，勻稱的質感和極佳的水果味。', '2018', '夏天', '75', '2', '380', '92282', '225'),
('14', '【耘珈琲】耶加雪菲咖啡豆', '7', '耶加雪菲', '口感清新明亮、潔淨活潑清爽\r\n獨特的花果香氣與果酸\r\n柑橘香氣、略帶堅果與巧克力味', '2019', '春天', '84', '2', '300', '94437', '225'),
('15', '【Casa卡薩】頂級莊園 蘇門答臘綠寶石', '6', '曼特寧', '中焙 100%蘇門達臘原產地豆\r\n\r\n【Casa卡薩】頂級莊園 蘇門答臘綠寶石咖啡豆(227g)\r\n【台北/新北/基/桃】地區最快可能當日到貨\r\n品號：4599069\r\n原豆研磨，來自原豆的咖啡香氣\r\n別具深度的苦味與焦香\r\n具奶油、黑巧克力、糖漿風味', '2018', '冬天', '67', '1', '338', '96920', '227');

INSERT INTO `contain` (`cus_ID`, `product_ID`, `amount`) VALUES
('50000', '7', '9'),
('50000', '8', '3'),
('50000', '9', '2'),
('50001', '10', '2'),
('50001', '11', '2'),
('50002', '13', '6'),
('50002', '14', '2'),
('50003', '1', '2'),
('50004', '3', '2'),
('50004', '13', '8'),
('50005', '5', '5'),
('50006', '6', '10'),
('50006', '12', '6'),
('50007', '3', '9'),
('50008', '4', '1'),
('50009', '1', '1'),
('50009', '14', '2');

INSERT INTO `record` (`order_ID`, `cus_ID`, `total`, `statement`) VALUES
('20190626145135', '50001', '6044', '處理中'),
('20190626145200', '50001', '955', '處理中'),
('20190626145219', '50001', '2316', '處理中'),
('20190626145240', '50001', '8240', '處理中'),
('20190626145318', '50000', '15706', '處理中'),
('20190626145340', '50000', '5920', '處理中'),
('20190626145401', '50000', '5787', '處理中'),
('20190626145511', '50002', '2394', '處理中'),
('20190626145517', '50002', '5400', '處理中'),
('20190626145536', '50002', '13996', '處理中'),
('20190626145855', '50003', '7825', '處理中'),
('20190626145908', '50003', '1020', '處理中'),
('20190626145926', '50003', '5852', '處理中'),
('20190626150029', '50004', '3489', '處理中'),
('20190626150035', '50004', '449', '處理中'),
('20190626150049', '50004', '2107', '處理中'),
('20190626150101', '50004', '2245', '處理中'),
('20190626150150', '50005', '10793', '處理中'),
('20190626150201', '50005', '1020', '處理中'),
('20190626150215', '50005', '2547', '處理中'),
('20190626150245', '50005', '3683', '處理中'),
('20190626150345', '50006', '7633', '處理中'),
('20190626150402', '50006', '2418', '處理中'),
('20190626150437', '50007', '1159', '處理中'),
('20190626150459', '50007', '3294', '處理中'),
('20190626150524', '50007', '17566', '處理中'),
('20190626150547', '50008', '900', '處理中'),
('20190626150558', '50008', '1648', '處理中'),
('20190626150606', '50008', '6300', '處理中'),
('20190626150619', '50008', '3860', '處理中'),
('20190626150825', '50009', '1499', '處理中'),
('20190626150834', '50009', '1349', '處理中'),
('20190626150928', '50009', '6341', '處理中');

INSERT INTO `trade` (`product_ID`, `order_ID`, `amount`) VALUES
('0', '20190626145240', '10'),
('0', '20190626145401', '1'),
('0', '20190626145517', '12'),
('0', '20190626145855', '1'),
('0', '20190626150150', '1'),
('0', '20190626150245', '1'),
('0', '20190626150524', '5'),
('0', '20190626150834', '1'),
('1', '20190626145401', '1'),
('1', '20190626145855', '3'),
('1', '20190626150150', '6'),
('1', '20190626150215', '1'),
('1', '20190626150825', '1'),
('1', '20190626150834', '1'),
('2', '20190626145200', '1'),
('2', '20190626145401', '1'),
('2', '20190626145855', '1'),
('2', '20190626145908', '1'),
('3', '20190626145135', '3'),
('3', '20190626145401', '4'),
('3', '20190626145855', '1'),
('3', '20190626150049', '1'),
('3', '20190626150201', '1'),
('3', '20190626150402', '2'),
('3', '20190626150928', '1'),
('4', '20190626145135', '5'),
('4', '20190626145200', '1'),
('4', '20190626145511', '1'),
('4', '20190626145855', '1'),
('4', '20190626150245', '1'),
('4', '20190626150524', '6'),
('5', '20190626145340', '6'),
('5', '20190626150150', '5'),
('5', '20190626150215', '1'),
('5', '20190626150547', '1'),
('5', '20190626150558', '1'),
('5', '20190626150606', '7'),
('5', '20190626150619', '4'),
('6', '20190626145135', '1'),
('6', '20190626145219', '4'),
('6', '20190626145401', '2'),
('6', '20190626145855', '1'),
('6', '20190626145926', '4'),
('6', '20190626150029', '1'),
('6', '20190626150035', '1'),
('6', '20190626150049', '3'),
('6', '20190626150101', '5'),
('6', '20190626150150', '1'),
('6', '20190626150402', '2'),
('6', '20190626150459', '6'),
('7', '20190626145318', '14'),
('7', '20190626145536', '2'),
('7', '20190626150245', '2'),
('7', '20190626150524', '2'),
('7', '20190626150928', '5'),
('8', '20190626145318', '6'),
('8', '20190626145511', '1'),
('8', '20190626145536', '20'),
('8', '20190626150345', '1'),
('9', '20190626145511', '1'),
('9', '20190626145536', '2'),
('9', '20190626150345', '1'),
('9', '20190626150437', '1'),
('9', '20190626150524', '12'),
('10', '20190626145135', '2'),
('10', '20190626145340', '1'),
('10', '20190626145908', '2'),
('10', '20190626150619', '1'),
('11', '20190626145135', '2'),
('11', '20190626145219', '2'),
('11', '20190626145340', '1'),
('11', '20190626145511', '2'),
('11', '20190626150201', '1'),
('11', '20190626150345', '1'),
('11', '20190626150437', '1'),
('12', '20190626145240', '5'),
('12', '20190626145855', '2'),
('12', '20190626150215', '1'),
('12', '20190626150345', '7'),
('12', '20190626150558', '1'),
('12', '20190626150928', '1'),
('13', '20190626145855', '1'),
('13', '20190626150029', '8'),
('13', '20190626150245', '1'),
('13', '20190626150345', '1'),
('14', '20190626145855', '1'),
('14', '20190626150245', '2'),
('14', '20190626150459', '2'),
('14', '20190626150825', '2'),
('15', '20190626145855', '1'),
('15', '20190626145926', '12'),
('15', '20190626150345', '1'),
('15', '20190626150928', '1');

INSERT INTO `com_trade` (`order_ID`, `com_ID`, `statement`) VALUES
('20190626145135', '2', '處理中'),
('20190626145135', '3', '處理中'),
('20190626145135', '4', '處理中'),
('20190626145135', '8', '處理中'),
('20190626145135', '10', '運送中'),
('20190626145200', '1', '處理中'),
('20190626145200', '4', '處理中'),
('20190626145219', '8', '處理中'),
('20190626145219', '10', '運送中'),
('20190626145240', '0', '運送中'),
('20190626145240', '1', '處理中'),
('20190626145318', '5', '處理中'),
('20190626145340', '3', '處理中'),
('20190626145340', '5', '運送中'),
('20190626145340', '8', '處理中'),
('20190626145401', '1', '處理中'),
('20190626145401', '2', '處理中'),
('20190626145401', '10', '運送中'),
('20190626145511', '4', '處理中'),
('20190626145511', '5', '處理中'),
('20190626145511', '8', '處理中'),
('20190626145517', '1', '處理中'),
('20190626145536', '5', '處理中'),
('20190626145855', '0', '運送中'),
('20190626145855', '1', '處理中'),
('20190626145855', '2', '處理中'),
('20190626145855', '4', '處理中'),
('20190626145855', '6', '處理中'),
('20190626145855', '7', '運送中'),
('20190626145855', '9', '處理中'),
('20190626145855', '10', '運送中'),
('20190626145908', '1', '處理中'),
('20190626145908', '3', '處理中'),
('20190626145926', '6', '處理中'),
('20190626145926', '10', '處理中'),
('20190626150029', '9', '處理中'),
('20190626150029', '10', '運送中'),
('20190626150035', '10', '處理中'),
('20190626150049', '2', '處理中'),
('20190626150049', '10', '處理中'),
('20190626150101', '10', '處理中'),
('20190626150150', '1', '處理中'),
('20190626150150', '5', '處理中'),
('20190626150150', '10', '處理中'),
('20190626150201', '2', '處理中'),
('20190626150201', '8', '處理中'),
('20190626150215', '0', '處理中'),
('20190626150215', '1', '處理中'),
('20190626150215', '5', '運送中'),
('20190626150245', '1', '處理中'),
('20190626150245', '4', '運送中'),
('20190626150245', '5', '處理中'),
('20190626150245', '7', '運送中'),
('20190626150245', '9', '處理中'),
('20190626150345', '0', '運送中'),
('20190626150345', '5', '處理中'),
('20190626150345', '6', '處理中'),
('20190626150345', '8', '處理中'),
('20190626150345', '9', '處理中'),
('20190626150402', '2', '處理中'),
('20190626150402', '10', '處理中'),
('20190626150437', '5', '處理中'),
('20190626150437', '8', '處理中'),
('20190626150459', '7', '處理中'),
('20190626150459', '10', '處理中'),
('20190626150524', '1', '處理中'),
('20190626150524', '4', '運送中'),
('20190626150524', '5', '處理中'),
('20190626150547', '5', '運送中'),
('20190626150558', '0', '處理中'),
('20190626150558', '5', '運送中'),
('20190626150606', '5', '處理中'),
('20190626150619', '3', '處理中'),
('20190626150619', '5', '運送中'),
('20190626150825', '1', '處理中'),
('20190626150825', '7', '運送中'),
('20190626150834', '1', '處理中'),
('20190626150928', '0', '運送中'),
('20190626150928', '2', '處理中'),
('20190626150928', '5', '處理中'),
('20190626150928', '6', '處理中');